"first_seen","ip"
"2022-02-26","179.113.112.168"
"2022-02-26","44.202.46.176"
"2022-02-26","35.174.8.120"
"2022-02-26","54.159.33.230"
"2022-02-26","54.243.21.180"
"2022-02-26","80.216.78.155"
"2022-02-26","3.95.169.35"
"2022-02-26","44.192.77.17"
"2022-02-26","54.196.147.110"
"2022-02-26","18.204.229.64"
"2022-02-26","3.83.45.248"
"2022-02-26","18.209.49.155"
"2022-02-26","54.196.114.50"
"2022-02-26","54.226.69.122"
"2022-02-26","54.91.81.48"
"2022-02-26","52.87.200.25"
"2022-02-26","70.92.246.89"
"2022-02-25","3.83.84.251"
"2022-02-25","3.231.105.191"
"2022-02-25","3.92.178.45"
"2022-02-25","18.206.96.252"
"2022-02-25","3.80.249.0"
"2022-02-25","34.200.241.38"
"2022-02-25","3.236.23.185"
"2022-02-25","3.85.96.147"
"2022-02-25","3.88.50.52"
"2022-02-25","44.201.38.74"
"2022-02-25","31.41.61.158"
"2022-02-25","3.83.232.141"
"2022-02-25","100.26.54.1"
"2022-02-25","3.81.68.43"
"2022-02-25","34.207.146.108"
"2022-02-25","34.207.200.39"
"2022-02-25","27.123.137.149"
"2022-02-25","160.20.147.63"
"2022-02-25","3.88.104.1"
"2022-02-25","100.27.33.187"
"2022-02-25","44.202.202.245"
"2022-02-25","54.242.233.156"
"2022-02-25","3.238.129.76"
"2022-02-25","107.22.155.153"
"2022-02-24","18.234.48.172"
"2022-02-24","34.204.205.25"
"2022-02-24","54.164.168.12"
"2022-02-24","174.129.50.75"
"2022-02-24","54.166.205.200"
"2022-02-24","189.245.78.26"
"2022-02-24","122.171.125.4"
"2022-02-24","3.87.8.122"
"2022-02-24","140.82.52.35"
"2022-02-24","220.172.206.2"
"2022-02-24","52.90.12.175"
"2022-02-24","44.201.254.56"
"2022-02-24","44.200.34.173"
"2022-02-24","117.179.77.109"
"2022-02-24","3.91.206.81"
"2022-02-24","44.202.69.64"
"2022-02-24","65.108.53.205"
"2022-02-24","3.238.153.156"
"2022-02-24","34.229.139.87"
"2022-02-24","3.238.110.198"
"2022-02-24","3.83.128.229"
"2022-02-24","35.169.117.73"
"2022-02-24","77.247.126.247"
"2022-02-24","3.227.240.31"
"2022-02-24","44.192.75.28"
"2022-02-24","3.87.118.74"
"2022-02-24","119.51.188.61"
"2022-02-23","194.33.40.81"
"2022-02-23","95.211.175.153"
"2022-02-23","34.147.27.244"
"2022-02-22","91.148.30.223"
"2022-02-22","59.42.60.126"
"2022-02-22","178.234.135.119"
"2022-02-21","186.91.202.113"
"2022-02-21","119.135.160.143"
"2022-02-21","59.35.94.99"
"2022-02-21","117.91.50.44"
"2022-02-21","109.182.42.206"
"2022-02-20","222.139.108.230"
"2022-02-20","36.225.248.175"
"2022-02-20","178.234.56.202"
"2022-02-20","92.248.188.202"
"2022-02-20","31.23.200.244"
"2022-02-19","217.65.247.127"
"2022-02-19","82.117.228.138"
"2022-02-19","114.99.165.252"
"2022-02-19","95.125.174.122"
"2022-02-19","123.169.34.26"
"2022-02-19","31.163.222.244"
"2022-02-19","175.39.55.181"
"2022-02-18","194.50.128.100"
"2022-02-18","190.206.244.70"
"2022-02-18","41.250.208.36"
"2022-02-18","124.31.48.7"
"2022-02-18","44.200.68.205"
"2022-02-18","189.206.22.187"
"2022-02-18","114.104.187.63"
"2022-02-17","109.227.125.112"
"2022-02-17","90.189.249.87"
"2022-02-16","178.234.164.25"
"2022-02-16","46.70.127.125"
"2022-02-15","194.61.3.231"
"2022-02-15","190.78.180.120"
"2022-02-14","116.106.83.7"
"2022-02-14","176.194.178.116"
"2022-02-13","178.234.151.11"
"2022-02-12","92.248.188.30"
"2022-02-12","178.234.106.178"
"2022-02-12","139.206.55.242"
"2022-02-12","96.43.128.122"
"2022-02-12","118.122.103.212"
"2022-02-12","92.223.103.179"
"2022-02-12","60.161.189.14"
"2022-02-12","222.212.175.180"
"2022-02-12","102.135.142.20"
"2022-02-11","180.175.229.15"
"2022-02-11","95.179.51.19"
"2022-02-11","151.229.238.54"
"2022-02-11","118.122.62.35"
"2022-02-10","20.114.169.166"
"2022-02-10","93.78.20.184"
"2022-02-09","179.167.135.167"
"2022-02-09","123.241.134.221"
"2022-02-09","178.234.161.104"
"2022-02-09","171.237.152.152"
"2022-02-09","178.92.217.43"
"2022-02-09","37.145.11.91"
"2022-02-09","106.47.76.238"
"2022-02-08","93.79.60.199"
"2022-02-08","2.61.31.101"
"2022-02-08","223.74.98.96"
"2022-02-08","36.235.174.97"
"2022-02-08","123.240.37.73"
"2022-02-08","172.111.174.34"
"2022-02-08","46.139.233.68"
"2022-02-08","95.72.70.21"
"2022-02-07","116.53.131.2"
"2022-02-07","182.241.30.163"
"2022-02-07","182.241.22.226"
"2022-02-07","109.163.218.253"
"2022-02-06","223.73.222.57"
"2022-02-06","178.234.185.46"
"2022-02-05","109.163.216.153"
"2022-02-04","92.223.103.162"
"2022-02-04","197.39.170.0"
"2022-02-04","185.232.52.61"
"2022-02-04","185.232.52.58"
"2022-02-04","185.232.52.60"
"2022-02-03","179.80.191.221"
"2022-02-03","178.142.234.157"
"2022-02-03","77.50.107.86"
"2022-02-03","176.215.104.130"
"2022-02-03","97.115.253.180"
"2022-02-02","125.165.106.195"
"2022-02-02","190.206.191.41"
"2022-02-02","156.196.39.62"
"2022-02-02","91.240.118.137"
"2022-02-01","59.102.186.33"
"2022-02-01","201.219.103.184"
"2022-02-01","95.72.229.228"
"2022-02-01","220.129.139.182"
"2022-01-31","91.225.140.144"
"2022-01-31","176.215.230.46"
"2022-01-31","45.172.153.157"
"2022-01-26","77.123.100.47"
"2022-01-25","77.123.14.31"
"2022-01-20","77.120.40.95"
"2022-01-15","109.108.242.246"
"2022-01-05","111.207.136.227"
"2022-01-04","93.78.227.241"
"2021-12-28","45.142.122.175"
"2021-12-23","152.89.160.104"
"2021-12-23","195.54.32.233"
"2021-12-17","45.161.5.37"
"2021-12-15","100.26.135.215"
"2021-12-14","52.1.171.25"
"2021-12-06","45.159.208.72"
"2021-12-05","20.52.0.106"
"2021-12-02","46.72.16.203"
"2021-12-01","222.129.32.66"
"2021-11-04","31.7.102.7"
"2021-10-28","94.232.41.25"
"2021-10-27","34.204.203.90"
"2021-10-18","58.122.6.83"
"2021-10-18","35.174.61.59"
"2021-09-27","31.148.137.194"
"2021-09-23","187.94.189.20"
"2021-08-30","36.69.111.152"
"2021-08-25","142.93.152.181"
"2021-07-06","59.41.146.98"
"2021-06-29","183.89.78.52"
"2021-06-19","3.235.22.33"
"2021-06-17","46.150.77.66"
"2021-06-12","61.28.235.31"
"2021-06-07","185.213.155.177"
"2021-05-31","178.76.229.77"
"2021-05-25","176.215.104.33"
"2021-05-16","14.17.76.222"
"2021-05-11","183.196.210.110"
"2021-05-01","46.71.177.89"
"2021-04-29","183.14.135.158"
"2021-04-14","173.93.108.96"
"2021-04-07","35.173.35.155"
"2021-03-31","178.234.67.107"
"2021-03-26","116.48.6.22"
"2021-03-15","35.170.74.106"
"2021-03-08","93.77.233.7"
"2021-02-19","13.48.86.50"
"2021-02-12","103.91.81.95"
"2021-02-09","3.235.66.0"
"2020-12-03","35.174.204.1"
"2020-10-26","95.179.118.246"
"2020-03-12","178.234.135.45"
"2020-03-08","176.215.112.46"
"2020-03-06","125.108.169.71"
"2020-02-20","77.121.70.53"
"2020-01-30","31.41.59.36"
"2019-12-12","109.163.216.135"
"2019-12-08","185.232.52.57"
"2019-10-08","183.3.150.178"
"2019-10-03","5.62.18.39"
"2019-09-18","5.62.18.69"
"2019-04-21","81.138.39.164"
"2019-04-17","1.171.52.214"
"2019-04-07","118.249.53.26"
"2019-03-06","31.23.226.15"
"2019-03-04","217.79.1.106"
"2019-01-26","104.210.60.82"
"2018-12-25","176.36.43.143"
